id,Parent Sector (1),Parent Sector (2),Sub Sector (1),Sub Sector (2),Sub Sector (3),name,slug,website,repository,organizations,origins,Comments,Notes,Comments
547,"Digital, Data, and Technology",Health,Platform Creation,Gender,, Oky,_oky,okyapp.info,https://github.com/alextyers/period-tracker-app-whitelabelled,United Nations Children’s Fund (UNICEF),Digital Public Goods Alliance,,,
46,State and Democracy (Good Governance),,Transition,,,@firma,firma,administracionelectronica.gob.es/ctt/clienteafirma,https://github.com/ctt-gob-es/clienteafirma,"Technology Transfer Center, Government of Spain",Digital Public Goods Alliance,,,
612,Social Development and Education,,Education and Youth,,,A11Y Project,a11y_project,www.a11yproject.com,https://github.com/a11yproject/a11yproject.com,The Accessibility,Digital Public Goods Alliance,,,
517,Social Development and Education,,Education and Youth,,,Aarogya Setu,aarogya_setu,www.aarogyasetu.gov.in,https://github.com/nic-delhi/AarogyaSetu_Android,The Government of Indias Ministry of Electronics and Information Technology,Digital Public Goods Alliance,,,
639,Social Development and Education,,Education and Youth,,,AccessMod,accessmod,www.accessmod.org,https://github.com/fxi/AccessMod_shiny,The World Health Organization; Health GeoLab Collaborative; University of Geneva/Institute for Environmental Sciences/EnviroSPACE Lab,Digital Public Goods Alliance,,,
114,Social Development and Education,,Education and Youth,,,Afinidata,afinidata,afinidata.com/en/home,https://github.com/afinidata2019/afinidata-content-manager,United Nations Children’s Fund (UNICEF),Digital Public Goods Alliance,,,
615,"Digital, Data, and Technology",Health,Data Collection,Infectious Diseases,,Africa COVID-19 Response Toolkit,africa_covid19_response_toolkit,ethiocovid19rt.com,https://github.com/africa-covid-19-response-toolkit/surveillance-forms,Africa COVID-19 Response Toolkit; Ethiopia COVID-19 Response Team,Digital Public Goods Alliance,,,
482,Social Development and Education,,Education and Youth,,,African Storybook,african_storybook,www.africanstorybook.org,,Saide,Digital Public Goods Alliance,,,
539,"Digital, Data, and Technology",,ICT Infrastructure,,,African Terrestrial Fibre Network Mapping Project,african_terrestrial_fibre_networ,afterfibre.nsrc.org,https://github.com/stevesong/nsrc-afterfibre/,Network Startup Resource Center (NSRC),Digital Public Goods Alliance,,,
48,Rural Development,,Agricultural Production and Use of Resources,,,AgroSense,agrosense,agrosense.eu,https://bitbucket.org/corizon/agrosense/src/default/,Corizon,Digital Public Goods Alliance,,,
371,State and Democracy (Good Governance),,Democracy and the rule of law,,,Aid Transparency Tracker,aid_transparency_tracker,www.publishwhatyoufund.org/projects/humanitarian-transparency,https://github.com/pwyf/aid-transparency-tracker,Publish What You Fund,Digital Public Goods Alliance,,,
98,"Digital, Data, and Technology",,Platform Creation,,,AIDA,aida,instedd.org/technologies/aida-chatbot-builder,github.com/instedd/aida,InSTEDD,DIAL OSC,,,
614,Rural Development,,Agricultural Production and Use of Resources,,,Akvo Flow,akvo_flow,akvo.org/flow-caddisfly-lumen,https://github.com/akvo/akvo-flow,Akvo Foundation,Digital Public Goods Alliance,,,
207,State and Democracy (Good Governance),,Freedom of speech and access to information,,,Alaveteli,alaveteli,alaveteli.org,https://github.com/mysociety/alaveteli,mySociety,Digital Public Goods Alliance,,,
587,"Digital, Data, and Technology",,Data Management and Policy,,,Aleph,aleph,docs.alephdata.org,https://github.com/alephdata/aleph,Organized Crime and Corruption Reporting Project,Digital Public Goods Alliance,,,
324,State and Democracy (Good Governance),,Freedom of speech and access to information,,,Alex,alex,,https://github.com/get-alex/alex,Alex,Digital Public Goods Alliance,Inadequate description,"Whether your own or someone elses writing, alex helps you find gender favoring, polarizing, race related, religion inconsiderate, or other unequal phrasing in text.",
187,"Security, Peace, Reconstruction",,Humanitarian Aid and Disaster Management,,,All Ready,all_ready,www.htbox.org/projects/allready,https://github.com/HTBox/allReady,Humanitarian Toolbox,Digital Public Goods Alliance,,,
414,Social Development and Education,,Education and Youth,,,Antura and the Letters,antura_and_the_letters,www.antura.org,https://github.com/vgwb/Antura_arabic/,Norad; Antura,Digital Public Goods Alliance,,,
588,Health,,,,,Apache cTAKES,apache_ctakes,ctakes.apache.org,https://github.com/apache/ctakes,The Apache Software Foundation,Digital Public Goods Alliance,,,
122,Work and Employment,,Development of financial systems,,,Apache Fineract,apache_fineract,fineract.apache.org,https://github.com/apache/fineract,The Apache Software Foundation; Mifos,Digital Public Goods Alliance; DIAL OSC,,,
616,"Digital, Data, and Technology",,Platform Creation,,,Apache Mahout,apache_mahout,mahout.apache.org,https://github.com/apache/mahout,The Apache Software Foundation,Digital Public Goods Alliance,,,
68,,,,,,Apache Syncope,syncope,,,,,No info; no link,,
286,Health,,Data Management and Policy,,,Arkhn FHIR Pipe,arkhn_fhir_pipe,,https://github.com/arkhn/fhir-pipe,Arkhn,Digital Public Goods Alliance,,,
377,Health,,Platform Creation,,,AskDarcel,askdarcel,askdarcel.org,https://github.com/ShelterTechSF/askdarcel-web,ShelterTech,Digital Public Goods Alliance,,,
260,"Digital, Data, and Technology",,Data Management,,,Aster,aster,www.project-aster.com,https://github.com/Project-AsTeR/website,AsTer,Digital Public Goods Alliance,,,
411,"Digital, Data, and Technology",,Platform Creation,,,Asterisk,asterisk,www.asterisk.org,,Asterisk,Digital Public Goods Alliance,,,
184,Health,,,,,AsylumConnect Catalog,asylumconnect_catalog,catalog.asylumconnect.org,https://github.com/AsylumConnect/asylum-connect-catalog,Asylum Connect,Digital Public Goods Alliance,,,
141,Private Sector Engagement,,Enterprise Ecosystems,,,Atix Labs,atix_labs,www.circlesofangels.com,https://gitlab.com/atixlabs-oss/circles-of-angels,United Nations Children’s Fund (UNICEF),Digital Public Goods Alliance,,,
160,"Digital, Data, and Technology",,Data Management and Policy,,,Autonomous Systems Research,autonomous_systems_research,as-research.org,https://github.com/team-asr/od-Data,United Nations Children’s Fund (UNICEF),Digital Public Goods Alliance,,,
309,"Digital, Data, and Technology",,Data Management and Policy,,,Avni,avni,avniproject.org,https://github.com/avniproject/avni-server,Samanvay Research and Development Foundation; Samanvay Foundation,Digital Public Goods Alliance,,,
158,"Digital, Data, and Technology",Health,Data Management and Policy,,,Avyantra Health Technologies,avyantra_health_technologies,www.avyantra.com,https://github.com/kvklrao/Avyantra_Presco_Project,United Nations Children’s Fund (UNICEF),Digital Public Goods Alliance,,,
44,State and Democracy (Good Governance),,Democracy and the rule of law,,,BA Obras,ba_obras,github.com/datosgcba/ba_obras,https://github.com/datosgcba/ba_obras,Buenos Aires Data,Digital Public Goods Alliance,,,
1,"Digital, Data, and Technology",Health,Data Management and Policy,,,Bahmni,bahmni,www.bahmni.org,https://github.com/Bahmni/bahmni-core,Bahmni,Digital Public Goods Alliance; DIAL OSC; Digital Square,,,
617,Sustainable Infrastructure,,Energy,,,BEMServer,bemserver,bemserver.org,https://github.com/HIT2GAP-EU-PROJECT/bemserver,HIT2GAP,Digital Public Goods Alliance,,,
618,"Digital, Data, and Technology",,Platform Creation,,,BigBlueButton,bigbluebutton,bigbluebutton.org,https://github.com/bigbluebutton/bigbluebutton,BigBlueButton,Digital Public Goods Alliance,,,
112,"Digital, Data, and Technology",Health,Platform Creation,,,Blood Safety Information System,blood_safety_information_system,www.jembi.org,https://github.com/jembi/bsis,Jembi Health Systems NPC,Digital Public Goods Alliance,,,
556,Environment and Climate ,,Environment and policy,,,Bloom,bloom,bloomclimate.com,https://github.com/tmrowco/bloom-contrib,Tomorrow,Digital Public Goods Alliance,,,
476,Social Development and Education,,Education and Youth,,,Book Dash,book_dash,bookdash.org,,Book Dash,Digital Public Goods Alliance,,,
389,"Digital, Data, and Technology",,Platform Creation,,,Bothub,bothub,bothub.it,https://github.com/bothub-it/bothub,United Nations Children’s Fund (UNICEF),Digital Public Goods Alliance,,,
619,"Digital, Data, and Technology","Security, Peace, Reconstruction",Platform Creation,Refuge and migration,,Boxtribute,boxtribute,www.boxtribute.org,https://github.com/boxwise/ ,Stitching Boxwise,Digital Public Goods Alliance,,,
620,"Digital, Data, and Technology",Health,Data Collection,,,BrainFlow,brainflow,brainflow.org,https://github.com/brainflow-dev/brainflow,Andrey Parfenov,Digital Public Goods Alliance,,,
469,Social Development and Education,,,,,British Columbia Open Textbook Collection,british_columbia_open_textbook_c,open.bccampus.ca,,"Ministry of Advanced Education, Skills and Training, Government of British Columbia; BCcampus",Digital Public Goods Alliance,,,
621,"Digital, Data, and Technology",,,,,Caffe,caffe,caffe.berkeleyvision.org,https://github.com/BVLC/caffe,Berkeley Vision and Learning Center,Digital Public Goods Alliance,,,
589,"Digital, Data, and Technology",Health,Data Management and Policy,,,Caisis,caisis,www.caisis.org,https://github.com/biodigital-inc/caisis,BioDigital,Digital Public Goods Alliance,,,
257,"Digital, Data, and Technology",,Platform Creation,,,Callisto,callisto,,https://github.com/project-callisto/callisto-core,Callisto,Digital Public Goods Alliance,,,
562,"Security, Peace, Reconstruction",,Gender Based Violence,,,Camelot,camelot,camelotproject.org,https://gitlab.com/camelot-project/camelot,Camelot,Digital Public Goods Alliance,,,
231,"Digital, Data, and Technology",,Data Management and Policy,,,caMicroscope,camicroscope,,https://github.com/camicroscope/caMicroscope,BMI,Digital Public Goods Alliance,,,
516,"Digital, Data, and Technology",Health,Data Management and Policy,,,Care,care,care.coronasafe.network,https://github.com/coronasafe/care,Kerala State Disaster Management Authority,Digital Public Goods Alliance,,,
563,"Digital, Data, and Technology",,,,,CartoDB,cartodb,carto.com,https://github.com/CartoDB/cartodb,CartoDB,Digital Public Goods Alliance,,,
499,"Digital, Data, and Technology",Health,Infectious Diseases,,,CDC COVID-19 Health Bot,cdc_covid19_health_bot,github.com/CDCgov/covid19healthbot,https://github.com/CDCgov/covid19healthbot,Center for Disease Control,Digital Public Goods Alliance,,,
299,"Digital, Data, and Technology",,,,,Centre for Open Science - SHARE,centre_for_open_science__share,share-research.readthedocs.io/en/latest/index.html,https://github.com/CenterForOpenScience/SHARE,Centre for Open Science,Digital Public Goods Alliance,,,
74,Health,,Childcare,,,Child Growth Monitor,child_growth_monitor,childgrowthmonitor.org,https://github.com/Welthungerhilfe/cgm-scanner,welthungerhilfe; Welt Hunger Hilfe,Digital Square; Digital Public Goods Alliance,,,
152,Health,,Childcare,,,CIREHA,cireha,www.cireha.com.ar,https://github.com/cboard-org/cboard,United Nations Children’s Fund (UNICEF); CIREHA,Digital Public Goods Alliance,,,
375,"Digital, Data, and Technology",,Data Management and Policy,,,Civic Platform,civic_platform,civicplatform.org,https://github.com/hackoregon/civic,Hack Oregon,Digital Public Goods Alliance,,,
540,Social Development and Education,,Civil Society ,,,CiviCRM,civicrm,civicrm.org,https://github.com/civicrm/civicrm-core/,CiviCRM LLC,Digital Public Goods Alliance,,,
461,Social Development and Education,,Education and Youth,,,CK-12,ck12,www.ck12info.org,,CK-12,Digital Public Goods Alliance,,,
564,Environment and Climate ,,Environment and policy,,,ClimateMachine,climatemachine,clima.github.io/ClimateMachine.jl/latest,https://github.com/CliMA/ClimateMachine.jl,CliMA,Digital Public Goods Alliance,,,
374,Environment and Climate ,,Environment and policy,,,ClimateWatch,climatewatch,www.climatewatchdata.org,https://github.com/Vizzuality/climate-watch,Global Forest Watch,Digital Public Goods Alliance,,,
510,Social Development and Education,,Education and Youth,,,CNB Guatemala,cnb_guatemala,cnbGuatemala.org,,Online Learning Initiative,Digital Public Goods Alliance,,,
169,Social Development and Education,,Civil Society ,,,Code for America API,code_for_america_api,codeforamerica.org/api,https://github.com/codeforamerica/cfapi,Code for America,Digital Public Goods Alliance,,,
328,Social Development and Education,,Civil Society ,,,Code for America Brigade Website,code_for_america_brigade_website,brigade.codeforamerica.org,https://github.com/codeforamerica/brigade,Code for America,Digital Public Goods Alliance,,,
434,State and Democracy (Good Governance),,,,,code.etalab.gouv.fr,codeetalabgouvfr,code.etalab.gouv.fr,https://github.com/etalab/code.etalab.gouv.fr,etalab,Digital Public Goods Alliance,,,
218,Social Development and Education,,Education and Youth,,,Code.org,codeorg,code.org,https://github.com/code-dot-org/code-dot-org,Code.org,Digital Public Goods Alliance,,,
565,Environment and Climate ,,Environment and policy,,,Codecarbon,codecarbon,mlco2.github.io/codecarbon,https://github.com/mlco2/codecarbon,mlco2,Digital Public Goods Alliance,,,
202,Social Development and Education,,Civil Society,Youth,,Coinsence,coinsence,coinsence.org,https://github.com/coinsence/coinsence-monorepo,United Nations Children’s Fund (UNICEF),Digital Public Goods Alliance,,,
39,Health,,Infectious Diseases,,,Cold Chain and Vaccination Management System,cold_chain_and_vaccination_manag,github.com/EL-BID/ccvms,https://github.com/EL-BID/API-SGiS,InterAmerican Development Bank,Digital Public Goods Alliance,,,
566,Rural Development,,Agricultural Policy and Food,,,Collect Earth,collect_earth,www.openforis.org/tools/collect-earth.html,https://github.com/openforis/collect-earth,FAO - Open Foris Initiative,Digital Public Goods Alliance,,,
2,"Digital, Data, and Technology",Health,Data Collection,Data Managament and Policy,,CommCare,commcare,www.dimagi.com/commcare,https://github.com/dimagi/commcare-hq,Dimagi,Digital Public Goods Alliance; Digital Square,,,
38,State and Democracy (Good Governance),,Democracy and the rule of law,,,Consul,consul,consulproject.org,https://github.com/consul/consul,Consul,Digital Public Goods Alliance,,,
590,State and Democracy (Good Governance),,Democracy and the rule of law,,,Cookie Consent,cookie_consent,www.osano.com/cookieconsent,https://github.com/osano/cookieconsent,Osano,Digital Public Goods Alliance,,,
439,"Digital, Data, and Technology",Health,Platform Creation,Data Managament and Policy,Infectious Diseases,Corona Warn App - Android,corona_warn_app__android,coronawarn.app,https://github.com/corona-warn-app/cwa-app-android,Deutsche Telekom and SAP,Digital Public Goods Alliance,,,
523,"Digital, Data, and Technology",Health,Platform Creation,Data Managament and Policy,Infectious Diseases,Corona Warn App - iOS,corona_warn_app__ios,coronawarn.app,https://github.com/corona-warn-app/cwa-app-ios,Deutsche Telekom; SAP,Digital Public Goods Alliance,DUPLICATE,,
456,"Digital, Data, and Technology",Health,Platform Creation,Data Managament and Policy,Infectious Diseases,Coronavirus Service Directory,coronavirus_service_directory,coronavirus-help.camden.gov.uk,https://github.com/wearefuturegov/coronavirus-service-directory,FutureGov,Digital Public Goods Alliance,,,
492,"Digital, Data, and Technology",Health,Platform Creation,Data Managament and Policy,Infectious Diseases,COVID Act Now,covid_act_now,covidactnow.org,https://github.com/covid-projections/covid-projections,Covid ActNow,Digital Public Goods Alliance,,,
495,"Digital, Data, and Technology",Health,Platform Creation,Data Managament and Policy,Infectious Diseases,COVID Alert Mobile App,covid_alert_mobile_app,github.com/cds-snc/covid-alert-app,https://github.com/cds-snc/covid-alert-app,Canadian Digital Service,Digital Public Goods Alliance,,,
446,"Digital, Data, and Technology",Health,Platform Creation,Data Managament and Policy,Infectious Diseases,Covid CareMap,covid_caremap,www.covidcaremap.org,https://github.com/covidcaremap/covid19-healthsystemcapacity,Covid Care Map,Digital Public Goods Alliance,,,
455,"Digital, Data, and Technology",Health,Platform Creation,Data Managament and Policy,Infectious Diseases,COVID Safe Paths,covid_safe_paths,covidsafepaths.org,https://github.com/tripleblindmarket/covid-safe-paths,MIT,Digital Public Goods Alliance,,,
531,"Digital, Data, and Technology",Health,Platform Creation,Data Managament and Policy,Infectious Diseases,COVID Tracking Data,covid_tracking_data,covidtracking.com,https://github.com/COVID19Tracking/covid-tracking-data,"The Atlantic, Related Sciences",Digital Public Goods Alliance,,,
445,"Digital, Data, and Technology",Health,Platform Creation,Data Managament and Policy,Infectious Diseases,COVID-19 Algorithme Orientation,covid19_algorithme_orientation,delegation-numerique-en-sante.github.io/covid19-algorithme-orientation,https://github.com/Delegation-numerique-en-sante/covid19-algorithme-orientation,The French Ministry of Social Affairs and Health,Digital Public Goods Alliance,,,
514,"Digital, Data, and Technology",Health,Platform Creation,Data Managament and Policy,Infectious Diseases,COVID-19 Benefits,covid19_benefits,covid-benefits.alpha.canada.ca/en/start,https://github.com/cds-snc/c19-benefits-node/,Canadian Digital Service,Digital Public Goods Alliance,,,
524,"Digital, Data, and Technology",Health,Platform Creation,Data Managament and Policy,Infectious Diseases,COVID-19 Data Repository for South Africa,covid19_data_repository_for_sout,bitly.com/covid19za-dash,https://github.com/dsfsi/covid19za,University of Pretoria,Digital Public Goods Alliance,,,
513,"Digital, Data, and Technology",Health,Platform Creation,Data Managament and Policy,Infectious Diseases,COVID-19 Employee Screening Tool,covid19_employee_screening_tool,github.com/code-for-canada/covid19-employee-screening-tool,https://github.com/code-for-canada/covid19-employee-screening-tool,Code for Canada,Digital Public Goods Alliance,,,
440,"Digital, Data, and Technology",Health,Platform Creation,Data Managament and Policy,Infectious Diseases,COVID-19 Hospital Impact Model for Epidemics,covid19_hospital_impact_model_fo,penn-chime.phl.io,https://github.com/CodeForPhilly/chime,Penn Medicine,Digital Public Goods Alliance,,,
496,"Digital, Data, and Technology",Health,Platform Creation,Data Managament and Policy,Infectious Diseases,COVID-19 Incarceration Model,covid19_incarceration_model,www.recidiviz.org/covid,https://docs.google.com/spreadsheets/d/e/2PACX-1vQ60fTTBlezKwvppNT8_wy8r4zWnx8-u6pkrwwloZ1hQwwFbobEZz7O1mOKSa2ph7YOlvMMT9oWDzAc/pub#,Recidiviz,Digital Public Goods Alliance,,,
521,"Digital, Data, and Technology",Health,Platform Creation,Data Managament and Policy,Infectious Diseases,COVID-19 Projections,covid19_projections,covid19-projections.com,https://github.com/youyanggu/covid19_projections,Youyang Gu,Digital Public Goods Alliance,,,
528,"Digital, Data, and Technology",Health,Platform Creation,Data Managament and Policy,Infectious Diseases,COVID-19 Remote Monitoring Platform,covid19_remote_monitoring_platfo,blog.lifen.fr/posts/covid-19-une-application-pour-diagnostiquer-les-patients-depuis-leur-domicile,https://github.com/lifen-labs/covid,Lifen Labs,Digital Public Goods Alliance,,,
442,"Digital, Data, and Technology",Health,Platform Creation,Data Managament and Policy,Infectious Diseases,COVID-19 Scenarios,covid19_scenarios,covid19-scenarios.org,https://github.com/neherlab/covid19_scenarios,University of Basel,Digital Public Goods Alliance,,,
451,"Digital, Data, and Technology",Health,Platform Creation,Data Managament and Policy,Infectious Diseases,COVID-19 Self Assessment Tool,covid19_self_assessment_tool,covid-19.ontario.ca/self-assessment/#q0,https://github.com/ongov/covid-19-self-assessment,Ontario Government,Digital Public Goods Alliance,,,
502,"Digital, Data, and Technology",Health,Platform Creation,Data Managament and Policy,Infectious Diseases,Covid19Canada,covid19canada,art-bd.shinyapps.io/covid19canada,https://github.com/ishaberry/Covid19Canada,COVID-19 Canada Open Data Working Group,Digital Public Goods Alliance,,,
448,"Digital, Data, and Technology",Health,Platform Creation,Data Managament and Policy,Infectious Diseases,CovidSafe,covidsafe,covidsafe.cs.washington.edu,https://github.com/covidsafe/App-Android,University of Washington,Digital Public Goods Alliance,,,
338,State and Democracy (Good Governance),"Digital, Data, and Technology",Data Management and Policy,,,Crash Model,crash_model,,https://github.com/Data4Democracy/crash-model,Data for Democracy,Digital Public Goods Alliance,,,
460,Social Development and Education,,Education and Youth,,,Curriki,curriki,www.curriki.org,,Curriki,Digital Public Goods Alliance,,,
238,"Digital, Data, and Technology",,Platform Creation,,,Démarches Simplifiées,dmarches_simplifies,demarches-simplifiees.fr,https://github.com/betagouv/demarches-simplifiees.fr,Beta.Gouv,Digital Public Goods Alliance,,,
305,"Digital, Data, and Technology",Health,Data Management and Policy,,,Datascope,datascope,sharmalab.github.io/Datascope,https://github.com/sharmalab/Datascope,BMI,Digital Public Goods Alliance,,,
157,State and Democracy (Good Governance),"Digital, Data, and Technology",Data Management and Policy,,,Datawheel Chile,datawheel_chile,www.datawheel.us,https://github.com/Datawheel/canon,United Nations Children’s Fund (UNICEF),Digital Public Goods Alliance,,,
622,"Digital, Data, and Technology",,Data Collection,,,DataWinners,datawinners,datawinners.com,https://github.com/mangroveorg/datawinners,Human Network Interaction (HNI),Digital Public Goods Alliance,,,
491,"Digital, Data, and Technology",Health,Platform Creation,Data Managament and Policy,Infectious Diseases,Dati COVID-19 Italia,dati_covid19_italia,opendatadpc.maps.arcgis.com/apps/opsdashboard/index.html#/b0c68bce2cce478eaac82fe38d4138b1,https://github.com/pcm-dpc/COVID-19,Italian Department of Civil Protection,Digital Public Goods Alliance,,,
348,State and Democracy (Good Governance),,Democracy and the rule of law,,,Decidim,decidim,www.decidim.org,https://github.com/OpenSourcePolitics/decidim,OpenSoucePolitics,Digital Public Goods Alliance,,,
553,"Digital, Data, and Technology",,Data Collection,Data Managament and Policy,,Delve,delve,delvedatabase.org,,World Bank,Digital Public Goods Alliance,,,
472,"Digital, Data, and Technology",,Data Collection,,,Development Data Library,development_data_library,data.usaid.gov,,USAID,Digital Public Goods Alliance,,,
3,"Digital, Data, and Technology",Health,,,,DHIS2,dhis2,dhis2.org,https://github.com/dhis2/dhis2-core,"Norad; Health Information Systems Programme (HISP), University of Oslo; DHIS2",Digital Square; Digital Public Goods Alliance,,,
536,"Digital, Data, and Technology",Social Development and Education,Data Collection,Civil Society ,,DIAL Catalog of Digital Solutions,dial_catalog_of_digital_solution,registry.dial.community,https://gitlab.com/dial/osc/eng/t4d-online-catalog/product-registry,Digital Impact Alliance,DIAL OSC,No description,"The Catalog of Digital Solutions is an interactive online resource to support donors, governments, and procurers in the development and implementation of digital strategies._ The catalog aggregates data from a variety of sources (including the Digital Public Goods Alliance, WHO, Digital Square and the DIAL Open Source Center) and allows the user to identify and evaluate digital tools that may be applicable for their use cases or projects.",
264,Health,,Childcare,Neonatal,,Diaper,diaper,diaper.app,https://github.com/rubyforgood/diaper,RubyForGood,Digital Public Goods Alliance,,,
483,Social Development and Education,,Education and Youth,,,Digital Literacy Library,digital_literacy_library,www.facebook.com/safety/educators,,Facebook,Digital Public Goods Alliance,,,
640,"Digital, Data, and Technology",Health,Platform Creation,Infectious Diseases,,DIVOC,divoc,divoc.egov.org.in,https://github.com/egovernments/DIVOC,eGovernments Foundation,Digital Public Goods Alliance,,,
387,"Digital, Data, and Technology",,Data Collection,,,Driver,driver,,https://github.com/WorldBank-Transport/DRIVER,World Bank; WorldBank,Digital Public Goods Alliance,,,
538,"Digital, Data, and Technology",,Data Management and Policy,,,Drone Management System,drone_management_system,dms.prokurainnovations.com,https://github.com/prokuranepal/DMS_React,Prokura Innovations Pvt. Ltd.,Digital Public Goods Alliance,No description,"Drone Monitoring and Management System is a cloud based web application for managing and monitoring the drone network. This application is based on React and Redux. This application is a control panel for admins in central distribution center to manage the drones, their issues, the users, the inventory of medicines in the central distribution center, event logs, weather etc and monitor their location and sensor status in real time. We can also observer real time data of deliveries with their graphical representation.",
66,"Digital, Data, and Technology",,Platform Creation,,,Drools,drools,www.drools.org,github.com/kiegroup/drools,,,,,
4,"Digital, Data, and Technology",,Platform Creation,,,Drupal,drupal,www.drupal.org,github.com/drupal/drupal,,,No description,"Drupal is an open source content management platform supporting a variety of websites ranging from personal weblogs to large community-driven websites. For more information, visit the Drupal website, Drupal.org, and join the Drupal community.",
423,"Digital, Data, and Technology",,Platform Creation,,,DSpace,dspace,dspace.org,https://github.com/DSpace/DSpace,LYRASIS,Digital Public Goods Alliance,,,
140,Rural Development,"Digital, Data, and Technology",Data Collection,,,Dymaxion Labs,dymaxion_labs,www.dymaxionlabs.com,https://github.com/dymaxionlabs/ap-latam,United Nations Children’s Fund (UNICEF),Digital Public Goods Alliance,,,
121,"Digital, Data, and Technology",Health,Data Management and Policy,Infectious Diseases,,e-TB Manager,etb_manager,github.com/MSH/eTBManager3,https://github.com/MSH/eTBManager3,Management Sciences for Health,Digital Public Goods Alliance,,,
199,"Security, Peace, Reconstruction",,Humanitarian Aid and Disaster Management,,,Eden,eden,,https://github.com/sahana/eden,Sahana,Digital Public Goods Alliance,,,
567,Social Development and Education,,Education and Youth,,,eduActiv8,eduactiv8,www.eduactiv8.org,https://github.com/imiolek-ireneusz/eduActiv8,eduActiv8,Digital Public Goods Alliance,,,
64,Social Development and Education,,Education and Youth,,,EduApp4Syria,eduappsyria,norad.no/eduapp4syria,https://github.com/Norad-Eduapp4syria/Norad-Eduapp4syria,Norad,Digital Public Goods Alliance,,,
641,Social Development and Education,,Education and Youth,,,EduNOSS,edunoss,www.aiti-kace.com.gh/noss,https://repos.nos.aiti-kace.com.gh/noss/pool/,"Ghana-India Kofi Annan Centre of Excellence in ICT (GI-KACE) - an Agency of the Ministry of Communications and Digitalisation, Government of Ghana. ",Digital Public Goods Alliance,,,
146,Social Development and Education,,Education and Youth,,,eKitabu,ekitabu,www.ekitabu.com,https://github.com/eKitabu/Accessible-EPUB-Toolkit,United Nations Children’s Fund (UNICEF),Digital Public Goods Alliance,,,
321,Environment and Climate ,,Environmental management in industry and cities,,,ElectricityMap,electricitymap,www.electricitymap.org/?page=map&solar=false&remote=true&wind=false,https://github.com/tmrowco/electricitymap-contrib,Tomorrow,Digital Public Goods Alliance,,,
591,Environment and Climate ,,Environment and policy,,,Emoncms,emoncms,emoncms.org,https://github.com/emoncms/emoncms,OpenEnergyMonitor,Digital Public Goods Alliance,,,
246,"Digital, Data, and Technology",,Data Collection,,,Encompass,encompass,encompass.thebeaconlabs.org,https://github.com/bayesimpact/encompass,Bayes Impact,Digital Public Goods Alliance,,,
405,Environment and Climate ,,Environment and policy,,,EnergyData.Info,energydatainfo,energydata.info,github.com/energy-data/energydata.info,Energy Data,Digital Public Goods Alliance,,,
298,Environment and Climate ,,Environment and policy,,,EnergyPlus,energyplus,energyplus.net,https://github.com/NREL/EnergyPlus,National Renewable Energy Laboratory,Digital Public Goods Alliance,,,
285,"Digital, Data, and Technology",,Data Management and Policy,,,Enketo,enketo,,https://github.com/enketo/enketo-core,Enketo,Digital Public Goods Alliance,,,
339,Environment and Climate ,,Environment and policy,,,Environmental Layers,environmental_layers,,https://github.com/publiclab/leaflet-environmental-layers,PublicLab,Digital Public Goods Alliance,,,
449,"Digital, Data, and Technology",Health,Platform Creation,Data Managament and Policy,Infectious Diseases,erouška,erouka,erouska.cz,https://github.com/covid19cz/erouska-android,COVID19CZ,Digital Public Goods Alliance,,,
251,"Security, Peace, Reconstruction",,Refuge and migration,,,Eviction maps,eviction_maps,evictionlab.org/map/#/2016?geography=states,https://github.com/EvictionLab/eviction-maps,EvictionLab,Digital Public Goods Alliance,,,
549,Rural Development,,Agricultural Policy and Food,,,FarmBot,farmbot,farm.bot,https://github.com/FarmBot/farmbot_os,FarmBot Inc,Digital Public Goods Alliance,,,
62,Rural Development,,Agricultural Policy and Food,,,FarmData,farmdata,sourceforge.net/projects/farmdata,,FarmData,Digital Public Goods Alliance,,,
65,Rural Development,,Agricultural Policy and Food,,,farmOS,farmos,farmos.org,https://github.com/farmOS/farmOS,farmOS,Digital Public Goods Alliance,,,
512,"Digital, Data, and Technology",Health,Platform Creation,Infectious Diseases,,FindTheMasks,findthemasks,findthemasks.com,https://github.com/findthemasks/findthemasks,FindTheMasks,Digital Public Goods Alliance,,,
181,"Digital, Data, and Technology",,Data Collection,,,Fix My Street,fix_my_street,fixmystreet.org,https://github.com/mysociety/fixmystreet,mySociety,Digital Public Goods Alliance,,,
569,"Security, Peace, Reconstruction",,Humanitarian Aid and Disaster Management,,,Flood Maps,flood_maps,osm-in.github.io/flood-map,https://github.com/osm-in/flood-map,OpenStreetMap,Digital Public Goods Alliance,,,
124,"Security, Peace, Reconstruction",,Humanitarian Aid and Disaster Management,,,FlowKit,flowkit,www.flowminder.org,https://github.com/Flowminder/FlowKit,Flowminder,DIAL OSC; Digital Public Goods Alliance,,,
623,Rural Development,,Agricultural Policy and Food,,,FOCUS,focus,www.focus.fish/about,https://github.com/UnionVMS/UVMS-MobileTerminalModule-APP,FOCUS,Digital Public Goods Alliance,,,
554,Rural Development,,Agricultural Policy and Food,,,Foodsoft,foodsoft,foodcoops.net,https://github.com/foodcoops/foodsoft,Foodcoops,Digital Public Goods Alliance,,,
37,"Digital, Data, and Technology",,Data Collection,,,formhub,formhub,github.com/SEL-Columbia/formhub,https://github.com/SEL-Columbia/formhub,"Sustainable Engineering Lab, Columbia University",Digital Public Goods Alliance,,,
571,"Digital, Data, and Technology",,Data Management and Policy,,,foxBMS,foxbms,foxbms.org,https://github.com/foxBMS/foxbms-1,foxBMS,Digital Public Goods Alliance,,,
608,Social Development and Education,,Education,,,freeCodeCamp,freecodecamp,www.freecodecamp.org,https://github.com/freeCodeCamp/freeCodeCamp,freeCodeCamp,Digital Public Goods Alliance,,,
271,State and Democracy (Good Governance),,Freedom of speech and access to information,,,Freedom of Information Portal,freedom_of_information_portal,,https://github.com/okfde/froide,Open Knowledge Foundation Germany,Digital Public Goods Alliance,,,
470,Social Development and Education,,Youth,,,Fundza Novels,fundza_novels,live.fundza.mobi/specials/yoza-content-on-fundza,,FunDza,Digital Public Goods Alliance,,,
303,"Digital, Data, and Technology",,Data Management and Policy,,,GapMinder Offline,gapminder_offline,www.gapminder.org/tools-offline,https://github.com/Gapminder/gapminder-offline,GapMinder,Digital Public Goods Alliance,,,
534,"Digital, Data, and Technology",,Data Management and Policy,,,Geomancer,geomancer,thinkingmachin.es,https://github.com/thinkingmachines/geomancer,Thinking Machines Data Science Inc.,Digital Public Goods Alliance,,,
333,"Digital, Data, and Technology",,Data Management and Policy,,,GeoNode,geonode,,https://github.com/GeoNode/geonode,GeoNode,Digital Public Goods Alliance,,,
532,"Digital, Data, and Technology",,Data Management and Policy,,,Geoprism Registry,geoprism_registry,dsme.community/common-geo-registry,https://github.com/terraframe/geoprism-registry,TerraFrame,Digital Public Goods Alliance,,,
624,Social Development and Education,,Education,,,Gibbon,gibbon,gibbonedu.org,https://github.com/GibbonEdu/core,GibbonEdu,Digital Public Goods Alliance,,,
557,"Digital, Data, and Technology",,Platform Creation,,,Glific,glific,glific.org,https://github.com/glific/glific,Project Tech4Dev,Digital Public Goods Alliance,,,
318,Environment and Climate ,,Environment and policy,,,Global Carbon Budget,global_carbon_budget,nbviewer.jupyter.org/github/openclimatedata/notebooks/blob/master/Global%20Carbon%20Budget%20%7C%20Fossil%20Fuel%20and%20Cement%20Production.ipynb,https://github.com/openclimatedata/global-carbon-budget,Open Climate Data,Digital Public Goods Alliance,,,
5,Social Development and Education,,Education,,,Global Digital Library,global_digital_library,home.digitallibrary.io,https://github.com/GlobalDigitalLibraryio/book-api,Global Book Alliance,Digital Public Goods Alliance,,,
275,Environment and Climate ,,Environment and policy,,,Global Forest Watch,global_forest_watch,www.globalforestwatch.org,https://github.com/Vizzuality/gfw,Global Forest Watch,Digital Public Goods Alliance,,,
625,"Digital, Data, and Technology",Health,Data Collection,,,Global Healthsites Mapping Project,global_healthsites_mapping_proje,healthsites.io,https://github.com/healthsites/healthsites,OPEN HEALTHSITE CONSULTING LTD,Digital Public Goods Alliance,,,
487,"Security, Peace, Reconstruction",,Refuge and migration,,,Global Human Settlement Layer,global_human_settlement_layer,ghsl.jrc.ec.europa.eu,,European Commission,Digital Public Goods Alliance,,,
120,"Digital, Data, and Technology",Health,Data Management and Policy,,,Global Open Facility Registry,global_open_facility_registry,www.facilitymatch.net,https://github.com/intrahealth/gofr,Intrahealth International; OpenHIE,Digital Public Goods Alliance,,,
408,"Digital, Data, and Technology",Health,Data Management and Policy,,,GNU Health,gnu_health,www.gnuhealth.org,,,Digital Public Goods Alliance,,,
41,State and Democracy (Good Governance),,Transparency and accountability ,,,Gobierto,gobierto,gobierto.es,https://github.com/populatetools/gobierto,Gobierto,Digital Public Goods Alliance,,,
508,Social Development and Education,,Civil Society ,,,Good Here,good_here,goodhere.org,https://github.com/goodhere/goodhere,Ben Matthew,Digital Public Goods Alliance,,,
515,"Digital, Data, and Technology",,,,,GOV.UK Notify,govuk_notify,www.notifications.service.gov.uk,https://github.com/alphagov/notifications-api,The United Kingdom Government Digital Services,Digital Public Goods Alliance,,,
133,Environment and Climate ,,Environment and policy,,,Green Button,green_button,green-button.github.io,https://github.com/GreenButtonAlliance/OpenESPI-Common-java,Green Button Alliance,Digital Public Goods Alliance,,,
55,Rural Development,,Agricultural Policy and Food,,,GrowStuff,growstuff,www.growstuff.org,https://github.com/Growstuff/growstuff,GrowStuff,Digital Public Goods Alliance,,,
426,"Digital, Data, and Technology",,Platform Creation,,,H5P,h5p,h5p.org,https://github.com/h5p/h5p-interactive-video,Joubel,Digital Public Goods Alliance,,,
498,"Digital, Data, and Technology",Health,Infectious Diseases,,,Hamagen React Native,hamagen_react_native,github.com/MohGovIL/hamagen-react-native,https://github.com/MohGovIL/hamagen-react-native,Israels Ministry of Health,Digital Public Goods Alliance,,,
415,"Digital, Data, and Technology",Health,,,,HAPI FHIR,hapi_fhir,hapifhir.io,https://github.com/jamesagnew/hapi-fhir,HAPI FHIR,Digital Public Goods Alliance,,,
500,"Digital, Data, and Technology",Health,,,,Healthcare Rollcall,healthcare_rollcall,healthcarerollcall.org,https://github.com/CodeForBaltimore/Healthcare-Rollcall,Code for Baltimore,Digital Public Goods Alliance,,,
75,"Digital, Data, and Technology",Health,,,,HEARTH,hearth,github.com/jembi/hearth,https://github.com/jembi/hearth,Jembi Health Systems NPC; Jembi,Digital Square; Digital Public Goods Alliance,,,
626,Social Development and Education,,Education,,,Hedy,hedy,www.hedycode.com,https://github.com/Felienne/hedy,Felienne,Digital Public Goods Alliance,,,
317,Rural Development,,Agricultural Policy and Food,,,High Resolution Mapping of Food Security,high_resolution_mapping_of_food,wfp-vam.github.io/HRM,https://github.com/WFP-VAM/HRM,WFP - VAM,Digital Public Goods Alliance,,,
605,Rural Development,,,,,High Resolution Population Density Estimates,high_resolution_population_densi,dataforgood.fb.com/tools/population-density-maps,,Facebook Data For Good,Digital Public Goods Alliance,,,
550,"Digital, Data, and Technology",,Data Management,,,Hive,hive,dms.prokurainnovations.com,https://github.com/prokuranepal/DMS_React,UNICEF Innovation Fund; Prokura Innovations,Digital Public Goods Alliance,,,
304,Health,,,,,HospitalRun,hospitalrun,,https://github.com/HospitalRun/hospitalrun-server,HospitalRun,Digital Public Goods Alliance,,,
118,"Security, Peace, Reconstruction",,Humanitarian Aid and Disaster Management,,,Humansis,humansis,www.humansis.org,https://github.com/humansis/front,Humansis; Relief Applications; People in Need; Digital Impact Alliance,Digital Public Goods Alliance; DIAL OSC,,,
481,Health,,Childcare,,,Ideasis,ideasis,www.ideasis.com.tr,https://github.com/Ideasis/VivoosVR,United Nations Children’s Fund (UNICEF),Digital Public Goods Alliance,,,
335,"Digital, Data, and Technology",Health,Platform Creation,,,If-Me,ifme,,https://github.com/ifmeorg/ifme,If-Me,Digital Public Goods Alliance,,,
6,"Digital, Data, and Technology",Health,Data Management and Policy,,,iHRIS,ihris,ihris.org,https://github.com/iHRIS/iHRIS,Intrahealth International,Digital Public Goods Alliance; Digital Square,,,
488,Social Development and Education,,Education,,,Imisi3D,imisi3d,www.imisi3d.com,https://github.com/Imisi3D/leVRn-beta,United Nations Children’s Fund (UNICEF),Digital Public Goods Alliance,,,
497,"Digital, Data, and Technology",Health,Infectious Diseases,Data Collection,,Immuni Android,immuni_android,www.immuni.italia.it,https://github.com/immuni-app/immuni-app-android,Presidenza del Consiglio dei Ministri,Digital Public Goods Alliance,,,
450,"Digital, Data, and Technology",Health,Infectious Diseases,Data Collection,,Immuni iOS,immuni_ios,www.immuni.italia.it,https://github.com/immuni-app/immuni-app-ios,Presidenza del Consiglio dei Ministri,Digital Public Goods Alliance,,,
627,"Digital, Data, and Technology",Health,Infectious Diseases,Data Collection,,Immunization Calculation Engine,immunization_calculation_engine,cdsframework.atlassian.net/wiki/spaces/ICE/overview,https://github.com/cdsframework/ice,"HLN Consulting, LLC",Digital Public Goods Alliance,,,
392,"Security, Peace, Reconstruction",,Humanitarian Aid and Disaster Management,,,InaSafe,inasafe,,https://github.com/inasafe/inasafe,InaSafe,Digital Public Goods Alliance,,,
541,"Security, Peace, Reconstruction",,Refuge and migration,,,Integreat,integreat,www.integreat-app.com,https://github.com/Integreat/integreat-app,Tür an Tür - Digitalfabrik gGmbH,Digital Public Goods Alliance,,,
237,"Digital, Data, and Technology",Health,Infectious Diseases,Data Collection,,InteleHealth,intelehealth,,https://github.com/Intelehealth/Android-Mobile-Client,InteleHealth,Digital Public Goods Alliance,,,
592,"Digital, Data, and Technology",Health,Infectious Diseases,Data Collection,,InterMine,intermine,intermine.org,https://github.com/intermine/intermine,InterMine,Digital Public Goods Alliance,,,
628,State and Democracy (Good Governance),,Public finance and administration,,,InVEST,invest,naturalcapitalproject.stanford.edu/software/invest,https://github.com/natcap/invest,The Natural Capital Project,Digital Public Goods Alliance,,,
145,"Digital, Data, and Technology",Health,Platform Creation,Childcare,,Jellow,jellow,www.dsource.in/tool/jellow,https://github.com/jellow-aac/Jellow-Communicator,United Nations Children’s Fund (UNICEF),Digital Public Goods Alliance,,,
480,Social Development and Education,,E-learning,,,JHSPH OpenCourseware,jhsph_opencourseware,ocw.jhsph.edu,,"Bloomberg School of Public Health, The Johns Hopkins University",Digital Public Goods Alliance,,,
537,State and Democracy (Good Governance),"Digital, Data, and Technology",,,,Juniper,juniper,cryptofund.unicef.io,https://github.com/unicef/juniper-portfolio,United Nations Children’s Fund (UNICEF),Digital Public Goods Alliance,,,
233,Social Development and Education,,E-learning,,,Ka Lite,ka_lite,learningequality.org/ka-lite,https://github.com/learningequality/ka-lite,Learning Equality,Digital Public Goods Alliance,,,
464,Social Development and Education,,E-learning,,,Khan Academy,khan_academy,www.khanacademy.org,,Khan Academy,Digital Public Goods Alliance,,,
139,"Digital, Data, and Technology",Health,Data Collection,Nutrition,,Kimetrica,kimetrica,,https://github.com/kimetrica/MERON_model,United Nations Children’s Fund (UNICEF),Digital Public Goods Alliance,,,
526,Social Development and Education,,E-learning,,,Kitkit School,kitkit_school,kitkitschool.com,https://github.com/XPRIZE/GLEXP-Team-KitkitSchool,Enuma,Digital Public Goods Alliance,,,
412,Social Development and Education,,E-learning,,,Kiwix,kiwix,www.kiwix.org,https://github.com/kiwix/kiwix-android,Kiwix,DIAL OSC; Digital Public Goods Alliance,,,
36,"Digital, Data, and Technology",,Data Management and Policy,,,KoboToolbox,kobotoolbox,www.kobotoolbox.org,https://github.com/kobotoolbox/kpi,"KoBo, Inc; Kobo; Kobo Toolbox",Digital Public Goods Alliance,,,
40,Social Development and Education,,Education,,,Kolibri,kolibri,learningequality.org/kolibri,https://github.com/learningequality/kolibri,Learning Equality,Digital Public Goods Alliance,,,
593,"Digital, Data, and Technology",Health,Data Management and Policy,,,LabKey Server,labkey_server,www.labkey.com/products-services/labkey-server,https://github.com/LabKey/server,LabKey,Digital Public Goods Alliance,,,
343,"Digital, Data, and Technology",,Data Collection,,,LandGis,landgis,"openlandmap.org/#/?base=Stamen%20(OpenStreetMap)&center=53.3620,25.0000&zoom=4&opacity=80&layer=lcv_land.cover_esacci.lc.l4_c&time=2015",https://github.com/Envirometrix/LandGISmaps,OpenGeoHub,Digital Public Goods Alliance,,,
229,Economics and Finance,,Payments,,,LiberaPay,liberapay,,https://github.com/liberapay/liberapay.com,LiberaPay,Digital Public Goods Alliance,,,
7,"Digital, Data, and Technology",Health,Data Management,Data Collection,,LibreHealth EHR,librehealth_ehr,librehealth.io,https://github.com/LibreHealthIO/lh-ehr,LibreHealth; LibreHealthIO,DIAL OSC; Digital Public Goods Alliance,,,
610,Rural Development,,Management of natural resources,,,Liquid Prep,liquid_prep,www.liquidprep.org,https://github.com/Call-for-Code/Liquid-Prep,Call-for-Code,Digital Public Goods Alliance,,,
76,Other,,Supply chain and logistics ,,,Logistimo,logistimo,www.logistimo.com,https://github.com/logistimo/logistimo-web-service,Logistimo,Digital Square; Digital Public Goods Alliance,,,
351,"Digital, Data, and Technology",Health,Data Management,Data Collection,,LoopKit,loopkit,,https://github.com/LoopKit/LoopKit,LoopKit,Digital Public Goods Alliance,,,
433,"Digital, Data, and Technology",,ICT Infrastructure,,,Magma,magma,engineering.fb.com/open-source/magma,https://github.com/facebookincubator/magma,Facebook,Digital Public Goods Alliance,,,
384,"Digital, Data, and Technology",,Data Management and Policy,,,Mapeo Desktop,mapeo_desktop,www.digital-democracy.org/mapeo,https://github.com/digidem/mapeo-desktop,Digital Democracy,Digital Public Goods Alliance,,,
209,"Digital, Data, and Technology",,Data Management and Policy,,,MapSwipe,mapswipe,,https://github.com/mapswipe/mapswipe,MapSwipe,Digital Public Goods Alliance,,,
190,"Digital, Data, and Technology",,Data Management and Policy,,,MapX,mapx,www.mapx.org,https://github.com/unep-grid/map-x-mgl,UNEP,Digital Public Goods Alliance,,,
429,"Digital, Data, and Technology",,Data Management and Policy,,,MaryTTS,marytts,mary.dfki.de,https://github.com/marytts/marytts,Multimodal Speech Processing Group; German Research Center for Artificial Intelligence,Digital Public Goods Alliance,,,
8,"Digital, Data, and Technology",,Platform Creation,,,MediaWiki,mediawiki,www.mediawiki.org/wiki/MediaWiki,github.com/wikimedia/mediawiki,,,,,
61,"Digital, Data, and Technology",Health,Platform Creation,,,Medic Mobile,medic_mobile,medicmobile.org,https://github.com/medic/cht-core,Medic Mobile,Digital Public Goods Alliance; Digital Square; DIAL OSC,,,
468,Social Development and Education,,E-learning,,,MERLOT,merlot,www.merlot.org/merlot,,California State University Center for Distributed Learning; MERLOT,Digital Public Goods Alliance,,,
10,"Digital, Data, and Technology",,Data Collection,,,MET Norway Weather API,met_norway_weather_api,developer.yr.no,,MET Norway; Norwegian Meteorological Insitute,Digital Public Goods Alliance,,,
11,"Digital, Data, and Technology",Health,Platform Creation,,,mHero,mhero,www.mhero.org,https://github.com/intrahealth/emNutt,Intrahealth International,Digital Public Goods Alliance,,,
12,Economics and Finance,,Finance,,,Mifos,mifos,mifos.org,https://github.com/openMF/community-app,Mifos,DIAL OSC; Digital Public Goods Alliance,,,
255,"Security, Peace, Reconstruction",,Refuge and migration,,,Migrant Service App,migrant_service_app,migrant-service-map.web.app,https://github.com/codeforboston/migrant_service_map,Code for Boston,Digital Public Goods Alliance,,,
479,Social Development and Education,,E-learning,,,MIT OpenCourseWare,mit_opencourseware,ocw.mit.edu,,Massachusetts Institute of Technology,Digital Public Goods Alliance,,,
542,"Digital, Data, and Technology",Health,Platform Creation,Childcare,Neonatal,Mobile WACh,mobile_wach,globalhealth.washington.edu/interactive-map/projects/1580/Mobile-WACh-NEO-Communication-Empowering-Mothers-and-Newborns?health_topics=454,https://github.com/uw-ictd/mwbase,"Department of Global Health, University of Washington",Digital Public Goods Alliance,,,
71,Economics and Finance,"Digital, Data, and Technology",Payments,Platform Creation,,Mojaloop,mojaloop,mojaloop.io,https://github.com/mojaloop/mojaloop,MojaLoop; Bill & Melinda Gates Foundation,Digital Public Goods Alliance,,,
13,Social Development and Education,,Education,,,Moodle,moodle,moodle.org,https://github.com/moodle/moodle,Moodle,Digital Public Goods Alliance,,,
67,State and Democracy (Good Governance),,Transition,,,MOSIP,mosip,mosip.io,https://github.com/mosip/mosip-infra,"Omydiar Network; International Institute of Information Technology, Bangalore (IIIT-B); MOSIP; Bill & Melinda Gates Foundation",Digital Public Goods Alliance; DIAL OSC,,,
14,"Digital, Data, and Technology",Health,Data Management and Policy,,,MOTECH,motech,docs.motechproject.org,https://github.com/motech/motech,Grameen Foundation; MOTECH,Digital Public Goods Alliance,,,
101,"Digital, Data, and Technology",Health,Platform Creation,,,mUzima,muzima,www.muzima.org,https://github.com/muzima/muzima-android,mUzima,DIAL OSC; Digital Public Goods Alliance,,,
530,"Digital, Data, and Technology",,Data Management and Policy,,,NADA - Data Catalog,nada__data_catalog,nada.ihsn.org,https://github.com/ihsn/nada,World Bank,Digital Public Goods Alliance,,,
511,Social Development and Education,,Civil Society,,,Neighbor Express,neighbor_express,neighborexpress.org,https://github.com/usdigitalresponse/neighbor-express,"The City of Concord, CA",Digital Public Goods Alliance,,,
438,"Digital, Data, and Technology",Health,Data Management and Policy,,,NextStrain,nextstrain,nextstrain.org/ncov,https://github.com/nextstrain/ncov,NextStrain,Digital Public Goods Alliance,,,
575,"Digital, Data, and Technology",,Platform Creation,,,Nomie,nomie,nomie.app,https://github.com/open-nomie/nomie5,Nomie,Digital Public Goods Alliance,,,
278,"Digital, Data, and Technology",State and Democracy (Good Governance),Freedom of speech and access to information,Platform Creation,,NVDA,nvda,,https://github.com/nvaccess/nvda,NVAccess,Digital Public Goods Alliance,,,Accesibility
430,"Digital, Data, and Technology",State and Democracy (Good Governance),Data Management and Policy,Freedom of speech and access to information,,Obras Abiertas,obras_abiertas,github.com/datosgcba/ba_obras,https://github.com/datosgcba/obras-abiertas,Buenos Aires Data,Digital Public Goods Alliance,,,
128,"Digital, Data, and Technology",Health,Data Management and Policy,,,Occhiolino,occhiolino,www.gnuhealth.org,,GNU Health,Digital Public Goods Alliance,,,
419,Private Sector Engagement,,Enterprise Ecosystems,,,Octopus Microfinance,octopus_microfinance,sourceforge.net/projects/omfs,https://sourceforge.net/projects/omfs/,Octopus Microfinance,Digital Public Goods Alliance,,,
16,"Digital, Data, and Technology",Health,Platform Creation,Data Managament and Policy,,ODK,odk,opendatakit.org,https://github.com/getodk/central,Get ODK Inc; Open Data Kit,Digital Public Goods Alliance; DIAL OSC; Digital Square,,,
17,Private Sector Engagement,,Enterprise Ecosystems,,,Odoo/OpenERP,odoo_openerp,www.odoo.com,https://github.com/odoo/odoo,Odoo,Digital Public Goods Alliance,,,
465,Social Development and Education,,E-learning,,,OER Africa,oer_africa,www.oerafrica.org,,OER Africa,Digital Public Goods Alliance,,,
478,Social Development and Education,"Digital, Data, and Technology",Education,Platform Creation,,OER Commons,oer_commons,www.oercommons.org,,OER Commons,Digital Public Goods Alliance,,,
388,"Digital, Data, and Technology",Rural Development,Data Management and Policy,Management of natural resources,,OffGrid Market Opportunities,offgrid_market_opportunities,offgrid.energydata.info,https://github.com/energy-data/market-opportunities,Energy Data,Digital Public Goods Alliance,,,
60,"Digital, Data, and Technology",,Data Collection,Data Managament and Policy,,OnaData,onadata,github.com/onaio/onadata,https://github.com/onaio/onadata,Ona,Digital Public Goods Alliance,,,
594,"Digital, Data, and Technology",,Data Management and Policy,,,Oncoscape,oncoscape,oncoscape.sttrcancer.org,https://github.com/FredHutch/Oncoscape,Seattle Translational Tumor Research; Fred Hutchinson Cancer Research Center,Digital Public Goods Alliance,,,
151,State and Democracy (Good Governance),,Public finance and administration,,,OneSmart,onesmart,os.city,https://gitlab.com/oscity/singletally,United Nations Children’s Fund (UNICEF),Digital Public Goods Alliance,,,
595,"Digital, Data, and Technology",,,,,OnSSET,onsset,www.onsset.org,https://github.com/OnSSET/onsset,OnSSET,Digital Public Goods Alliance,,,
59,Rural Development,,Agricultural Policy and Food,,,Open Ag Data Alliance,open_ag_data_alliance,openag.io,github.com/OADA/oada-srvc-docker,Open Ag Data Alliance,Digital Public Goods Alliance,,,
431,Economics and Finance,"Digital, Data, and Technology",Payments,Platform Creation,,Open Bank Project,open_bank_project,www.openbankproject.com,https://github.com/OpenBankProject/OBP-API,TESOBE,Digital Public Goods Alliance,,,
284,Environment and Climate ,,Environment and policy,,,Open Climate Workbench,open_climate_workbench,climate.apache.org,https://github.com/apache/climate,The Apache Software Foundation; Apache,Digital Public Goods Alliance,,,
596,Economics and Finance,"Digital, Data, and Technology",Payments,Platform Creation,,Open Collective,open_collective,opencollective.com,https://github.com/opencollective/opencollective,Open Collective,Digital Public Goods Alliance,,,
18,"Digital, Data, and Technology",,Data Management and Policy,,,Open Concept Lab,open_concept_lab,openconceptlab.org,https://github.com/OpenConceptLab/oclapi,Open Concept Lab,Digital Public Goods Alliance; Digital Square,,,
503,"Digital, Data, and Technology",Health,Platform Creation,Data Managament and Policy,Infectious Diseases,Open COVID-19 Dataset,open_covid19_dataset,covid19.healthdata.org/united-states-of-america,https://github.com/beoutbreakprepared/nCoV2019,"Institute for Health Metrics and Evaluation, University of Washington",Digital Public Goods Alliance,,,
182,"Digital, Data, and Technology",,Data Management and Policy,,,Open Data Cube Core,open_data_cube_core,,https://github.com/opendatacube/datacube-core,Open Data Cube,Digital Public Goods Alliance,,,
545,"Digital, Data, and Technology",,Data Collection,,,Open Drone Suite,open_drone_suite,as-research.org,https://github.com/team-asr,United Nations Children’s Fund (UNICEF); Autonomous Systems Research Ltd,Digital Public Goods Alliance,,,
161,Social Development and Education,,E-learning,,,Open edX,open_edx,openedx.org,https://github.com/edx/edx-platform,edX,Digital Public Goods Alliance,,,
42,Rural Development,,Agricultural Policy and Food,,,Open Food Facts,open_food_facts,openag.io,https://github.com/openfoodfacts/openfoodfacts-androidapp,Open Food Facts,Digital Public Goods Alliance,,,
43,Rural Development,,Agricultural Policy and Food,,,Open Food Network,open_food_network,openfoodnetwork.org,https://github.com/openfoodfoundation/openfoodnetwork,Open Food Foundation,Digital Public Goods Alliance,,,
49,Rural Development,,Agricultural Policy and Food,,,Open Food Source,open_food_source,www.openfoodsource.org,https://github.com/openfoodsource/OFS_trunk,Open Food Source,Digital Public Goods Alliance,,,
577,"Digital, Data, and Technology",,Data Collection,,,Open Foris Collect,open_foris_collect,www.openforis.org/newwebsite/tools/collect.html,https://github.com/openforis/collect,Food and Agriculture Organization (FAO) of the United Nations,Digital Public Goods Alliance,,,
629,"Digital, Data, and Technology",,,,,Open NN,open_nn,www.opennn.net,https://github.com/Artelnics/opennn,"Artificial Intelligence Techniques, Ltd.",Digital Public Goods Alliance,,,
441,State and Democracy (Good Governance),,Stability ,,,Open Opportunities platform,open_opportunities_platform,openopps.org,https://github.com/openopps/openopps-platform,The United States General Services Administration,Digital Public Goods Alliance,,,
281,"Digital, Data, and Technology",,,,,Open Risk Dashboard,open_risk_dashboard,index.opendri.org,https://github.com/GFDRR/open-risk-data-dashboard,Global Facility for Disaster Reduction and Recovery,Digital Public Goods Alliance,,,
174,"Digital, Data, and Technology",,,,,Open Science Framework,open_science_framework,osf.io,https://github.com/CenterForOpenScience/osf.io,Centre for Open Science,Digital Public Goods Alliance,,,
597,Environment and Climate ,"Digital, Data, and Technology",,,,Open Source Ecology,open_source_ecology,www.opensourceecology.org,https://github.com/OpenSourceEcology/cross-platform-python-gui,Open Source Ecology,Digital Public Goods Alliance,,,
485,Social Development and Education,"Digital, Data, and Technology",,,,Open Stax,open_stax,openstax.org,,Rice University,Digital Public Goods Alliance,,,
474,"Digital, Data, and Technology",,,,,Open Textbook Library,open_textbook_library,open.umn.edu/opentextbooks,,University of Minnesota,Digital Public Goods Alliance,,,
467,,,,,,Open Up Resources,open_up_resources,openupresources.org,,Open Up Resources,Digital Public Goods Alliance,,,
417,Economics and Finance,"Digital, Data, and Technology",Payments,Platform Creation,,OpenACH,openach,openach.com,,"OpenACH, Inc.",Digital Public Goods Alliance,,,
94,"Security, Peace, Reconstruction",,Humanitarian Aid and Disaster Management,,,OpenAerialMap,openaerialmap,github.com/hotosm/OpenAerialMap,https://github.com/hotosm/OpenAerialMap,Humanitarian Open Street Map Team,DIAL OSC; Digital Public Goods Alliance,,,
307,"Digital, Data, and Technology",,Data Collection,,,OpenAfrica,openafrica,openafrica.net,https://github.com/CodeForAfrica/openAFRICA,Code for Africa,Digital Public Goods Alliance,,,
385,"Digital, Data, and Technology",,,,,OpenAg Device Software,openag_device_software,,https://github.com/OpenAgricultureFoundation/openag-device-software,Open Agriculture Initiative,Digital Public Goods Alliance,,,
555,"Digital, Data, and Technology",Health,,,,OpenAgro,openagro,rentadrone.cl/developers/precision-agriculture-maps,https://github.com/RentadroneCL/Precision_Agriculture,Rentadrone.cl,Digital Public Goods Alliance,,,
250,Rural Development,,Agricultural Production and Use of Resources,,,OpenAQ Platform API,openaq_platform_api,docs.openaq.org,https://github.com/openaq/openaq-api,OpenAQ,Digital Public Goods Alliance,,,
599,Economics and Finance,,Economic Policy and Trade,,,OpenBCI,openbci,openbci.com,https://github.com/OpenBCI/OpenBCI_GUI,OpenBCI,Digital Public Goods Alliance,,,
598,Health,,,,,OpenBCI GUI,openbci_gui,openbci.com,https://github.com/OpenBCI/OpenBCI_GUI,Open Source Brain-Computer Interfacing,Digital Public Goods Alliance,,,
418,"Digital, Data, and Technology",Health,Data Collection,,,OpenCBS,opencbs,opencbs.com,https://sourceforge.net/projects/opencbs/,OpenCBS,Digital Public Goods Alliance,,,
19,"Digital, Data, and Technology",Economics and Finance,Data Collection,Payments,,OpenCRVS,opencrvs,www.opencrvs.org,https://github.com/opencrvs/opencrvs-core,Jembi Health Systems NPC; OpenCRVS; Plan International; Plan International Australia; Jembi,Digital Square; Digital Public Goods Alliance,,,
132,Sustainable Infrastructure,,Energy,,,OpenEEmeter,openeemeter,eemeter.openee.io,https://github.com/openeemeter/eemeter,Recurve,Digital Public Goods Alliance,,,
20,"Digital, Data, and Technology",Health,Data Collection,,,OpenELIS,openelis,www.openelisglobal.org,https://github.com/openelisglobal/openelisglobal-core,OpenELIS Foundation; I-TECH DIGI; OpenELIS Global,Digital Square; Digital Public Goods Alliance,,,
105,"Digital, Data, and Technology",Social Development and Education,Education,Data Collection,,OpenEMIS,openemis,www.openemis.org,,OpenEMIS,Digital Public Goods Alliance,,,
630,"Digital, Data, and Technology",Health,Data Collection,Data Managament and Policy,,OpenEMR,openemr,www.open-emr.org,https://github.com/openemr/openemr,OpenEMR,Digital Public Goods Alliance,,,
600,"Digital, Data, and Technology",Sustainable Infrastructure,,Energy,,OpenEMS,openems,openems.io,https://github.com/OpenEMS/openems,OpenEMS Association e.V.,Digital Public Goods Alliance,,,
50,Rural Development,"Digital, Data, and Technology",Agricultural Policy and Food,Data Managament and Policy,,OpenFarm,openfarm,openfarm.cc,https://github.com/openfarmcc/OpenFarm,OpenFarm,Digital Public Goods Alliance,,,
535,"Digital, Data, and Technology",,,,,OpenFn,openfn,www.openfn.org,https://github.com/OpenFn/microservice,OpenFn,DIAL OSC,No description,"A module that manages timers, handles HTTP requests, and executes OpenFn jobs (with adaptors, triggers, and credentials) using OpenFn/core.",
533,Economics and Finance,,Payments,,,OpenG2P,openg2p,openg2p.org,https://github.com/OpenG2P/openg2p-erp,Government of Sierra Leone,Digital Public Goods Alliance,,,
85,"Digital, Data, and Technology",Health,Data Management and Policy,,,OpenHIE,openhie,ohie.org,github.com/openhie,,Digital Square,,,
21,"Digital, Data, and Technology",Health,Data Management and Policy,,,OpenHIM,openhim,openhim.org,https://github.com/jembi/openhim-core-js,Jembi Health Systems NPC; Jembi,Digital Public Goods Alliance; Digital Square,,,
631,"Digital, Data, and Technology",Health,Data Management and Policy,,,OpenHospital,openhospital,www.open-hospital.org,https://github.com/informatici/openhospital,Informatici Senza Frontiere,Digital Public Goods Alliance,,,
22,"Digital, Data, and Technology",Health,Data Management and Policy,,,OpenIMIS,openimis,openimis.org,https://github.com/openimis/web_app_vb,GIZ; OpenIMIS; Deutsche Gesellschaft für Internationale Zusammenarbeit (GIZ),Digital Public Goods Alliance; Digital Square,,,
466,Social Development and Education,,E-learning,,,OpenLearn,openlearn,www.open.edu/openlearn,,Open University,Digital Public Goods Alliance,,,
23,"Digital, Data, and Technology",Health,Data Management and Policy,,,OpenLMIS,openlmis,openlmis.org,https://github.com/OpenLMIS/openlmis-ref-distro,OpenLMIS; VillageReach,Digital Public Goods Alliance; Digital Square; DIAL OSC,,,
551,"Digital, Data, and Technology",,,,,OpenMined,openmined,openmined.org,https://github.com/OpenMined/PySyft,OpenMined,Digital Public Goods Alliance,,,
24,"Digital, Data, and Technology",Health,Data Management and Policy,,,OpenMRS,openmrs,openmrs.org,https://github.com/openmrs/openmrs-core,"OpenMRS, Inc.; OpenMRS",Digital Public Goods Alliance; Digital Square; DIAL OSC,,,
518,"Digital, Data, and Technology",Health,Data Management and Policy,,,OpenMRS Core,openmrs_core,,https://github.com/openmrs/openmrs-core,Open MRS; OpenMRS,Digital Public Goods Alliance,,,
427,"Digital, Data, and Technology",,Data Management and Policy,,,OpenRefine,openrefine,openrefine.org,https://github.com/OpenRefine/OpenRefine,OpenRefine,Digital Public Goods Alliance,,,
632,"Digital, Data, and Technology",,Data Management and Policy,,,OpenRemote,openremote,openremote.io,https://github.com/openremote/openremote,Open Remote,Digital Public Goods Alliance,,,
25,"Digital, Data, and Technology",Health,Data Management and Policy,,,OpenSRP,opensrp,smartregister.org,https://github.com/OpenSRP/opensrp-client-core,Ona; OpenSRP,Digital Public Goods Alliance; Digital Square; DIAL OSC,,,
345,State and Democracy (Good Governance),,Transparency and accountability ,,,OpenStates,openstates,,https://github.com/openstates/openstates-scrapers,Open States,Digital Public Goods Alliance,,,
26,"Digital, Data, and Technology",,Data Collection,,,OpenStreetMap,openstreetmap,github.com/hotosm/tasking-manager,https://github.com/hotosm/tasking-manager,OpenStreetMap Foundation; Humanitarian Open Street Map Team,Digital Public Goods Alliance; DIAL OSC,,,
316,"Digital, Data, and Technology",,Platform Creation,,,OpenStudio Server,openstudio_server,www.openstudio.net,https://github.com/NREL/OpenStudio-server,National Renewable Energy Laboratory,Digital Public Goods Alliance,,,
494,"Digital, Data, and Technology",,Platform Creation,,,OpenTrace Android,opentrace_android,www.tracetogether.gov.sg,https://github.com/opentrace-community/opentrace-android,Government Technology Agency of Singapore,Digital Public Goods Alliance,,,
443,"Digital, Data, and Technology",,Platform Creation,,,OpenTrace iOS,opentrace_ios,www.tracetogether.gov.sg,https://github.com/opentrace-community/opentrace-ios,Government Technology Agency of Singapore,Digital Public Goods Alliance,,,
252,Environment and Climate ,"Digital, Data, and Technology",Data Collection,Data Managament and Policy,,OpenTreeMap,opentreemap,,https://github.com/OpenTreeMap/otm-core,OpenTreeMap,Digital Public Goods Alliance,,,
102,Social Development and Education,"Digital, Data, and Technology",Education,,,Oppia,oppia,www.oppia.org,https://github.com/oppia/oppia,Oppia,DIAL OSC; Digital Public Goods Alliance,,,
292,"Digital, Data, and Technology",,,,,OptiKey,optikey,,https://github.com/OptiKey/OptiKey,OptiKey,Digital Public Goods Alliance,,,
601,"Digital, Data, and Technology",,Data Collection,Data Management and Policy,,Orange,orange,orangedatamining.com,https://github.com/biolab/orange3,"University of Ljubljana, Faculty of Computer and Information Science, Bioinformatics Laboratory",Digital Public Goods Alliance,,,
362,"Digital, Data, and Technology",,Data Collection,Data Management and Policy,,Our World In Data Grapher,our_world_in_data_grapher,ourworldindata.org,https://github.com/owid/owid-grapher,Our World In Data,Digital Public Goods Alliance,,,
501,"Digital, Data, and Technology",Health,Data Collection,,,Pandemic EBT,pandemic_ebt,ca.p-ebt.org/en,https://github.com/codeforamerica/pandemic-ebt,Code for America,Digital Public Goods Alliance,,,
193,Environment and Climate ,"Digital, Data, and Technology",Data Management and Policy,,,PeCan,pecan,,https://github.com/PecanProject/pecan,PeCan Project,Digital Public Goods Alliance,,,
108,"Digital, Data, and Technology",Health,Data Management and Policy,,,PharmacoVigilance Monitoring System,pharmacovigilance_monitoring_sys,github.com/MSH/PViMS,https://github.com/MSH/PViMS,Management Sciences for Health,Digital Public Goods Alliance,,,
81,"Digital, Data, and Technology",Health,Data Management and Policy,,,Pharmadex,pharmadex,github.com/MSH/Pharmadex,https://github.com/MSH/Pharmadex,Management Sciences for Health,Digital Square; Digital Public Goods Alliance,,,
56,Social Development and Education,,Education,,,PhET Interactive Simulations,phet_interactive_simulations,phet.colorado.edu,,"University of Colorado, Boulder",Digital Public Goods Alliance,,,
578,Social Development and Education,,Education,,,Plant-for-the-Planet,plantfortheplanet,www1.plant-for-the-planet.org,https://github.com/Plant-for-the-Planet-org/treecounter-app,Plant-for-the-Planet,Digital Public Goods Alliance,,,
82,"Security, Peace, Reconstruction",,Humanitarian Aid and Disaster Management,,,PlanWise,planwise,planwise.instedd.org,https://github.com/instedd/planwise,InSTEDD,Digital Square; DIAL OSC; Digital Public Goods Alliance,,,
116,"Digital, Data, and Technology",,Data Collection,,,Pollit,pollit,pollit.instedd.org,https://github.com/instedd/pollit,InSTEDD,Digital Public Goods Alliance,,,
175,Social Development and Education,,E-learning,,,Poly,poly,poly.wikitongues.org,https://github.com/wikitongues/poly,WikiTongues,Digital Public Goods Alliance,,,
391,State and Democracy (Good Governance),,Democracy and the rule of law,,,Pombola,pombola,,https://github.com/mysociety/pombola,mySociety,Digital Public Goods Alliance,,,
633,"Digital, Data, and Technology",Health,Data Management and Policy,,,popHealth,pophealth,worldvista.org/pophealth-1,https://github.com/WorldVistA/popHealth,WorldVistA,Digital Public Goods Alliance,,,
326,"Digital, Data, and Technology",,Platform Creation,,,Powerplant,powerplant,wiki.ecohackerfarm.org/powerplant:start,https://github.com/Ecohackerfarm/powerplant,Eco Hacker Farm,Digital Public Goods Alliance,,,
477,"Digital, Data, and Technology",,Platform Creation,,,Practical Plants,practical_plants,practicalplants.org,,Practical Plants,Digital Public Goods Alliance,,,
522,"Digital, Data, and Technology",Health,Data Management and Policy,Neonatal,,PreSCo,presco,www.avyantra.com,https://github.com/kvklrao/Avyantra_Presco_Project,Avyantra Health Technologies,Digital Public Goods Alliance,,,
150,"Digital, Data, and Technology",Health,Data Management and Policy,,,Prescrypto,prescrypto,www.prescrypto.com,https://github.com/prescrypto/rxchain,United Nations Children’s Fund (UNICEF),Digital Public Goods Alliance,,,
52,State and Democracy (Good Governance),,,,,Primero,primero,www.primero.org,https://github.com/primeroIMS/primero,Primero; United Nations Children’s Fund (UNICEF),Digital Public Goods Alliance,,,
490,"Digital, Data, and Technology",,Data Collection,,,PrivateTracer,privatetracer,gitlab.com/PrivateTracer,https://gitlab.com/PrivateTracer/ios-client,PrivateTracer Foundation,Digital Public Goods Alliance,,,
585,"Digital, Data, and Technology",,Data Management and Poiicy,,,Project AEDES,project_aedes,aedesproject.org,https://github.com/Cirrolytix/aedes_dpg,Cirrolytix Research Services,Digital Public Goods Alliance,,,
552,"Digital, Data, and Technology",Social Development and Education,Data Collection,,,Project Connect,project_connect,www.projectconnect.world,https://github.com/unicef/magicbox-maps,United Nations Children’s Fund (UNICEF),Digital Public Goods Alliance,,,
586,"Digital, Data, and Technology",Social Development and Education,Platform Creation,,,Project Konko,project_konko,www.nubianvr.com,https://github.com/nubianvr-source/ProjectKonko,NubianVR; United Nations Children’s Fund (UNICEF),Digital Public Goods Alliance,,,
611,State and Democracy (Good Governance),,Democracy and the rule of law,,,Project Lockdown,project_lockdown,projectlockdown.world,https://github.com/TheIOFoundation/ProjectLockdown,The IO Foundation,Digital Public Goods Alliance,,,
505,Work and Employment,,Vocational Training and labor market,,,Project PAPUA,project_papua,papua.usdigitalresponse.org,https://github.com/usdigitalresponse/project-papua,US Digital Response,Digital Public Goods Alliance,,,
486,"Digital, Data, and Technology",,,,,Pubic Library of Science,pubic_library_of_science,journals.plos.org,,PLOS,Digital Public Goods Alliance,possible typo in name,,
27,"Digital, Data, and Technology",,,,,PublicLab,publiclab,publiclab.org,https://github.com/publiclab/plots2,PublicLab,DIAL OSC; Digital Public Goods Alliance,,,
322,"Digital, Data, and Technology",,,,,Pudl,pudl,catalyst.coop/pudl,https://github.com/catalyst-cooperative/pudl,Catalyst Cooperative ,Digital Public Goods Alliance,,,
291,State and Democracy (Good Governance),,Justice,,,Pulse Data,pulse_data,,https://github.com/Recidiviz/pulse-data,Recidiviz,Digital Public Goods Alliance,,,
319,"Digital, Data, and Technology",Health,Data Management and Poiicy,,,PulseOx,pulseox,,https://github.com/GliaX/pulseox,Glia,Digital Public Goods Alliance,,,
580,"Digital, Data, and Technology",,Platform Creation,,,Qliksense Enterprise,qliksense_enterprise,www.qlik.com/us/products/qlik-sense,https://github.com/qlik-oss/qliksense-k8s,Qlik,Digital Public Goods Alliance,,,
115,"Digital, Data, and Technology",Health,Data Management and Poiicy,,,QuanTB,quantb,github.com/MSH/QuanTB,https://github.com/MSH/QuanTB,Management Sciences for Health,Digital Public Goods Alliance,,,
28,"Digital, Data, and Technology",,,,,Quantum GIS,quantum_gis,www.qgis.org/en/site,https://github.com/qgis/QGIS,QGIS,Digital Public Goods Alliance,,,
581,Environment and Climate ,,,,,Rainforest Connection,rainforest_connection,rfcx.org,,Rainforest Connection,Digital Public Goods Alliance,,,
352,Environment and Climate ,,,,,Rainforest Connection Guardian,rainforest_connection_guardian,,https://github.com/rfcx/rfcx-org-archived-2020,Rainforest Connection,Digital Public Goods Alliance,,,
520,"Digital, Data, and Technology",Health,Platform Creation,Data Managament and Policy,Infectious Diseases,Rakning C-19 App,rakning_c19_app,covid.is/app,https://github.com/aranja/rakning-c19-app,Icelandic Directorate of Health and the Department of Civil Protection and Emergency Management.,Digital Public Goods Alliance,,,
29,"Digital, Data, and Technology",,Platform Creation,,,RapidPro,rapidpro,community.rapidpro.io,https://github.com/rapidpro/rapidpro,RapidPRO; United Nations Children’s Fund (UNICEF),Digital Public Goods Alliance; DIAL OSC,,,
436,"Digital, Data, and Technology",,Platform Creation,,,Rasa,rasa,www.rasa.com,https://github.com/RasaHQ/rasa,Rasa,DIAL OSC; Digital Public Goods Alliance,,,
416,"Digital, Data, and Technology",,,,,Reconcile CSV,reconcile_csv,okfnlabs.org/reconcile-csv,https://github.com/okfn/reconcile-csv,Open Knowledge Foundation,Digital Public Goods Alliance,,,
435,State and Democracy (Good Governance),,Public finance and administration,,,RecordTrac,recordtrac,github.com/codeforamerica/recordtrac,github.com/codeforamerica/recordtrac,Code for America,Digital Public Goods Alliance,,,
226,State and Democracy (Good Governance),,Public finance and administration,,,Redirect 2% - redirectioneaza.ro,redirect_2__redirectioneazaro,redirectioneaza.ro,https://github.com/code4romania/redirectioneaza,Code for Romania,Digital Public Goods Alliance,,,
634,Sustainable Infrastructure,,Energy,,,REMIND,remind,www.pik-potsdam.de/research/transformation-pathways/models/remind,https://github.com/remindmodel/remind,Potsdam Institute for Climate Impact Research,Digital Public Goods Alliance,,,
350,State and Democracy (Good Governance),,Democracy and the rule of law,,,Represent-Canada,representcanada,represent.opennorth.ca,https://github.com/opennorth/represent-canada,Open North,Digital Public Goods Alliance,,,
119,"Digital, Data, and Technology",,,,,Resource Map,resource_map,resourcemap.instedd.org,https://github.com/instedd/resourcemap,InSTEDD,Digital Public Goods Alliance; DIAL OSC,,,
195,"Digital, Data, and Technology",,Data Management and Policy,,,ResourceWatch,resourcewatch,resourcewatch.org/about,https://github.com/resource-watch/resource-watch,World Resources Institute,Digital Public Goods Alliance,,,
125,"Digital, Data, and Technology",Health,Data Collection,,,Reveal,reveal,akros.com/mspray,https://github.com/onaio/mspray,Akros,Digital Public Goods Alliance; Digital Square,,,
509,"Digital, Data, and Technology",Health,Data Management and Poiicy,,,RexChain,rexchain,www.rexchain.io,https://github.com/prescrypto/rexchain,Prescrypto,Digital Public Goods Alliance,,,
113,"Digital, Data, and Technology",Health,Data Management and Poiicy,,,RxSolution,rxsolution,github.com/MSH/RxSolution,https://github.com/MSH/RxSolution,Management Sciences for Health,Digital Public Goods Alliance,,,
642,"Security, Peace, Reconstruction		Gender Based Violence	",,,,,Safe YOU,safe_you,safeyou.space,https://github.com/safeyou-space/safeyou,Impact Innovations Institute LLC,Digital Public Goods Alliance,,,
602,Environment and Climate ,"Digital, Data, and Technology",Data Collection,,,Safecast,safecast,safecast.org,https://github.com/Safecast/safecastapi,Safecast,Digital Public Goods Alliance,,,
454,"Digital, Data, and Technology",Health,Platform Creation,Data Managament and Policy,Infectious Diseases,Santé publique France COVID-19 Dashboard,sant_publique_france_covid19_das,dashboard.covid19.data.gouv.fr/vue-d-ensemble,https://github.com/etalab/covid19-dashboard,Santé Publique France,Digital Public Goods Alliance,,,
506,"Digital, Data, and Technology",Health,Platform Creation,Data Managament and Policy,Infectious Diseases,SARS-CoV-2 Open Government Data reported by the Swiss Cantons and the Principality of Liechtenstein,sarscov2_open_government_data_re,,https://github.com/openZH/covid_19,The Canton of Zurich,Digital Public Goods Alliance,,,
142,Environment and Climate ,"Digital, Data, and Technology",Data Management and Poiicy,,,SayCel,saycel,saycel.com,https://github.com/saycel/Saycel.Phone,United Nations Children’s Fund (UNICEF),Digital Public Goods Alliance,,,
462,Social Development and Education,,Education,,,Saylor Academy,saylor_academy,www.saylor.org,,Saylor Academy,Digital Public Goods Alliance,,,
635,Social Development and Education,,E-learning,,,Scikit Learn,scikit_learn,scikit-learn.org,https://github.com/scikit-learn/scikit-learn,Scikit Learn,Digital Public Goods Alliance,,,
58,"Digital, Data, and Technology",,,,,Scratch,scratch,scratch.mit.edu,,,Digital Public Goods Alliance,,,
247,"Security, Peace, Reconstruction",,Humanitarian Aid and Disaster Management,,,Seismic Risk,seismic_risk,,https://github.com/code4romania/seismic-risc,Code for Romania,Digital Public Goods Alliance,,,
432,Economics and Finance,,Payments,,,Sempo,sempo,withsempo.com,https://github.com/teamsempo/SempoBlockchain,Sempo,Digital Public Goods Alliance,,,
206,State and Democracy (Good Governance),,,,,SF DAHLIA,sf_dahlia,housing.sfgov.org,https://github.com/SFDigitalServices/sf-dahlia-web,Exygy,Digital Public Goods Alliance,,,
258,Social Development and Education,,Education,,,SignDict,signdict,,https://github.com/signdict/website,SignDict,Digital Public Goods Alliance,,,
473,Social Development and Education,,Education,,,Siyavula Open Textbooks,siyavula_open_textbooks,www.siyavula.com/read,,Siyavula,Digital Public Goods Alliance,,,
471,Social Development and Education,,Education,,,SkillsCommons,skillscommons,www.skillscommons.org,,"US Department of Labor’s Trade Adjustment Assistance Community College and Career Training (TAACCCT) program; Center for Usability in Design and Accessibility, California State University, Long Beach",Digital Public Goods Alliance,,,
297,Sustainable Infrastructure,,Energy,,,Smart Energy Foundation,smart_energy_foundation,,https://github.com/microsoft/Smart-Energy-Foundation-Demo-Stack,Microsoft Open Source,Digital Public Goods Alliance,,,
137,"Digital, Data, and Technology",,Platform Creation,,,Somleng,somleng,www.somleng.org,https://github.com/somleng/somleng-scfm,United Nations Children’s Fund (UNICEF),Digital Public Goods Alliance,,,
83,"Digital, Data, and Technology",Health,Data Management and Poiicy,,,SORMAS,sormas,sormas.org,https://github.com/hzi-braunschweig/SORMAS-Project,Helmholtz Centre for Infection Research,Digital Square; Digital Public Goods Alliance,,,
296,"Digital, Data, and Technology",,Data Management and Poiicy,,,Spatio-Temporal Asset Catalog,spatiotemporal_asset_catalog,www.radiant.earth,https://github.com/radiantearth/stac-browser,Radiant Earth,Digital Public Goods Alliance,,,
134,Sustainable Infrastructure,,Energy,,,Standard Energy Efficiency Data Platform,standard_energy_efficiency_data,www.energy.gov/eere/buildings/standard-energy-efficiency-data-seed-platform,https://github.com/SEED-platform/seed,Office of Energy Efficiency and Renewable Energy,Digital Public Goods Alliance,,,
223,"Digital, Data, and Technology",Health,Data Management and Poiicy,,,StarHealth,starhealth,health.the-star.co.ke,https://github.com/CodeForAfrica/HealthTools.KE-theStarHealth,Code for Africa,Digital Public Goods Alliance,,,
144,"Digital, Data, and Technology",Health,Data Management and Poiicy,,,Statwig,statwig,statwig.com,https://gitlab.com/statwig-public,United Nations Children’s Fund (UNICEF),Digital Public Goods Alliance,,,
386,"Digital, Data, and Technology",Health,Data Management and Poiicy,,,Stethoscope,stethoscope,glia.org/stethoscope,https://github.com/GliaX/Stethoscope,Glia,Digital Public Goods Alliance,,,
519,"Digital, Data, and Technology",Health,Platform Creation,Data Managament and Policy,Infectious Diseases,StopCovid Android,stopcovid_android,gitlab.inria.fr/stopcovid19,https://gitlab.inria.fr/stopcovid19/stopcovid-android,INRIA,Digital Public Goods Alliance,,,
525,"Digital, Data, and Technology",Health,Platform Creation,Data Managament and Policy,Infectious Diseases,StopCovid iOS,stopcovid_ios,gitlab.inria.fr/stopcovid19,https://gitlab.inria.fr/stopcovid19/stopcovid-ios,INRIA,Digital Public Goods Alliance,,,
484,Social Development and Education,,Education,,,StoryWeaver,storyweaver,storyweaver.org.in,,Pratham Books,Digital Public Goods Alliance,,,
171,Social Development and Education,,Education,,,Sugar,sugar,www.sugarlabs.org,https://github.com/sugarlabs/sugar,SugarLabs,Digital Public Goods Alliance,,,
106,Social Development and Education,"Digital, Data, and Technology",Education,Platform Creation,,Sunbird,sunbird,www.sunbird.org,https://github.com/project-sunbird/sunbird-learning-platform,EkStep Foundation,Digital Public Goods Alliance,,,
428,"Digital, Data, and Technology",Health,Neonatal,,,Super Abbu,super_abbu,www.superabbu.com,https://github.com/faisalmlalani/rah-e-maa,United Nations Children’s Fund (UNICEF),Digital Public Goods Alliance,,,
96,"Digital, Data, and Technology",,Data Collection,,,Surveda,surveda,surveda.instedd.org,https://github.com/instedd/surveda,InSTEDD,DIAL OSC; Digital Public Goods Alliance,,,
196,Environment and Climate ,,Environment and policy,,,SWEET,sweet,,https://github.com/ESIPFed/sweet,ESIP,Digital Public Goods Alliance,,,
457,"Digital, Data, and Technology",Health,Platform Creation,Data Managament and Policy,Infectious Diseases,SwissCovid,swisscovid,github.com/DP-3T/dp3t-app-ios,https://github.com/DP-3T,Ecole Polytechnique Federale de Lausanne and ETH Zurich,Digital Public Goods Alliance,,,
126,"Digital, Data, and Technology",Health,Data Management and Poiicy,,,Synthea,synthea,synthetichealth.github.io/synthea,https://github.com/synthetichealth/synthea,MITRE Corporation,Digital Public Goods Alliance,,,
636,Sustainable Infrastructure,,Energy,,,System Advisor Model,system_advisor_model,sam.nrel.gov,https://github.com/NREL/ssc,National Renewable Energy Laboratory,Digital Public Goods Alliance,,,
527,State and Democracy (Good Governance),,,,,Talent Cloud,talent_cloud,talent.canada.ca/response/en,https://github.com/GCTC-NTGC/TalentCloud,Government of Canada Talent Reserve,Digital Public Goods Alliance,,,
331,State and Democracy (Good Governance),,Media and communication,,,Talk,talk,coralproject.net,https://github.com/coralproject/talk,The Coral Project,Digital Public Goods Alliance,,,
57,Rural Development,,Agricultural Production and Use of Resources,,,Tania,tania,usetania.org,https://github.com/Tanibox/tania-core,Tanibox,Digital Public Goods Alliance,,,
584,Social Development and Education,,Education,,,TEAMMATES,teammates,teammatesv4.appspot.com/web/front/home,https://github.com/TEAMMATES/teammates,TEAMMATES,Digital Public Goods Alliance,,,
459,"Digital, Data, and Technology",,Platform Creation,,,TED,ted,www.ted.com,,TED,Digital Public Goods Alliance,,,
147,"Digital, Data, and Technology",,Platform Creation,,,Telemesh,telemesh,w3engineers.com,https://github.com/w3-engineers/telemesh,United Nations Children’s Fund (UNICEF); W3 Engineers Ltd.,Digital Public Goods Alliance,,,
135,"Digital, Data, and Technology",,Platform Creation,,,Teliportme,teliportme,www.teliportme.com,https://github.com/teliportme/remixvr,United Nations Children’s Fund (UNICEF),Digital Public Goods Alliance,,,
117,"Digital, Data, and Technology",,Platform Creation,,,TenFour,tenfour,www.tenfour.org,https://github.com/ushahidi/tenfour,TenFour,Digital Public Goods Alliance,,,
30,"Digital, Data, and Technology",,Platform Creation,,,TensorFlow,tensorflow,www.tensorflow.org,https://github.com/tensorflow/tensorflow,Google Brain,Digital Public Goods Alliance,,,
302,"Digital, Data, and Technology",,Platform Creation,,,Terrastories,terrastories,,https://github.com/Terrastories/terrastories,Terrastories,Digital Public Goods Alliance,,,
127,"Digital, Data, and Technology",Health,Platform Creation,,,Thalamus,thalamus,www.gnuhealth.org,,GNU Health; GNUHealth,Digital Public Goods Alliance,,,
543,"Digital, Data, and Technology",,Platform Creation,,,The Atrium,the_atrium,atrium.network,https://github.com/unicef/atrium,United Nations Children’s Fund (UNICEF),Digital Public Goods Alliance,,,
603,"Digital, Data, and Technology",,Data Management and Poiicy,,,The ChRIS Project,the_chris_project,chrisproject.org,https://github.com/FNNDSC/chrisapp,FNNDSC (Fetal-Neonatal Neuroimaging Developmental Science Center),Digital Public Goods Alliance,,,
107,"Digital, Data, and Technology",Health,Data Management and Poiicy,,,The Global Healthsites Mapping Project,the_global_healthsites_mapping_p,healthsites.io,github.com/healthsites/healthsites,HealthSites.io,Digital Public Goods Alliance; Digital Square,,,
344,"Security, Peace, Reconstruction",,Peace and Security,,,The Guardian Project - Haven,the_guardian_project__haven,,https://github.com/guardianproject/haven,The Guardian Project,Digital Public Goods Alliance,,,
100,State and Democracy (Good Governance),"Digital, Data, and Technology",Democracy and the rule of law,Platform Creation,,The Tor Project,the_tor_project,torproject.org,https://github.com/TheTorProject/gettor,Tor Project,DIAL OSC; Digital Public Goods Alliance,,,
340,"Security, Peace, Reconstruction","Digital, Data, and Technology",Humanitarian Aid and Disaster Management,Platform Creation,,ThinkHazard,thinkhazard,thinkhazard.org/en,https://github.com/GFDRR/thinkhazard,Global Facility for Disaster Reduction and Recovery,Digital Public Goods Alliance,,,
138,State and Democracy (Good Governance),"Digital, Data, and Technology",Democracy and the rule of law,Platform Creation,,Thinking Machines,thinking_machines,thinkingmachin.es,https://github.com/thinkingmachines/geomancer,United Nations Children’s Fund (UNICEF),Digital Public Goods Alliance,,,
336,"Digital, Data, and Technology",Health,Data Management and Poiicy,,,TidePool,tidepool,developer.tidepool.org,https://github.com/tidepool-org/platform,TidePool,Digital Public Goods Alliance,,,
447,"Digital, Data, and Technology",Health,Platform Creation,Data Managament and Policy,Infectious Diseases,Tokyo Metropolitan Government COVID-19 Countermeasure Site,tokyo_metropolitan_government_co,stopcovid19.metro.tokyo.lg.jp/en,https://github.com/tokyo-metropolitan-gov/covid19,Tokyo Metropolitan Government,Digital Public Goods Alliance,,,
453,"Digital, Data, and Technology",Health,Platform Creation,Data Managament and Policy,Infectious Diseases,Traction Thrive,traction_thrive,tractionondemand.com/traction-thrive,https://github.com/SFDO-Community/TractionThrive,"Traction Thrive, Salesforce.org",Digital Public Goods Alliance,,,
280,Environment and Climate ,"Digital, Data, and Technology",Environment and policy,Data Collection,,Trends.earth,trendsearth,,https://github.com/ConservationInternational/trends.earth,Conservation International,Digital Public Goods Alliance,,,
437,"Digital, Data, and Technology",,Platform Creation,,,TruBudget,trubudget,openkfw.github.io/trubudget-website,https://github.com/openkfw/TruBudget,KfW Entwicklungsbank,DIAL OSC,No description,A blockchain-based workflow tool for an efficient and transparent project management,
143,Economics and Finance,,Payments,,,Trustlab,trustlab,,https://github.com/TrustlabTech,United Nations Children’s Fund (UNICEF),Digital Public Goods Alliance,,,
329,State and Democracy (Good Governance),,Democracy and the rule of law,,,Turbo Votes,turbo_votes,,https://github.com/democracyworks/voting-method-works,Democracy Works,Digital Public Goods Alliance,,,
63,"Digital, Data, and Technology",,Platform Creation,,,U-Report,ureport,ureport.in,https://github.com/rapidpro/ureport,RapidPRO; United Nations Children’s Fund (UNICEF),Digital Public Goods Alliance,,,
320,"Digital, Data, and Technology",,Platform Creation,,,uData,udata,getudata.org,https://github.com/opendatateam/udata,Open Data Team,Digital Public Goods Alliance,,,
173,Social Development and Education,"Digital, Data, and Technology",Platform Creation,,,UNICEF eTools,unicef_etools,etoolsinfo.unicef.org,https://github.com/unicef/etools,United Nations Children’s Fund (UNICEF),Digital Public Goods Alliance,,,
306,Social Development and Education,"Digital, Data, and Technology",Platform Creation,,,UNICEF MagicBox,unicef_magicbox,unicefstories.org/magicbox,https://github.com/unicef/magicbox-open-api,United Nations Children’s Fund (UNICEF),Digital Public Goods Alliance,,,
32,"Digital, Data, and Technology",,Data Collection,,,Ushahidi,ushahidi,ushahidi.com,https://github.com/ushahidi/platform,Ushahidi,DIAL OSC; Digital Public Goods Alliance,,,
463,Social Development and Education,"Digital, Data, and Technology",E-learning,Platform Creation,,Utopic Studio,utopic_studio,utopicstudio.com,https://github.com/utopic-studio/hanselygretelVR,United Nations Children’s Fund (UNICEF),Digital Public Goods Alliance,,,
398,"Digital, Data, and Technology",,Data Collection,,,Uwazi,uwazi,www.uwazi.io,https://github.com/huridocs/uwazi,Huridocs,Digital Public Goods Alliance,,,
507,"Digital, Data, and Technology",Health,Data Collection,Data Managament and Policy,Infectious Diseases,VaccineLedger,vaccineledger,vaccineledger.com,https://gitlab.com/statwig-public,StaTwig,Digital Public Goods Alliance,,,
489,Social Development and Education,"Digital, Data, and Technology",E-learning,Platform Creation,,Veative Labs,veative_labs,www.veative.com,https://github.com/Veativetech/VeativeWebVR,United Nations Children’s Fund (UNICEF),Digital Public Goods Alliance,,,
95,"Digital, Data, and Technology",,Platform Creation,,,Verboice,verboice,verboice.instedd.org,https://github.com/instedd/verboice,InSTEDD,DIAL OSC; Digital Public Goods Alliance,,,
604,"Digital, Data, and Technology",,Data Management and Poiicy,,,VIAME,viame,www.viametoolkit.org,https://github.com/VIAME/VIAME,VIAME,Digital Public Goods Alliance,,,
111,"Digital, Data, and Technology",,Data Management and Poiicy,,,VIPS,vips,nibio.no/en/services/vips,https://gitlab.nibio.no/VIPS,Ushahidi; NIBIO; Ushaidi,Digital Public Goods Alliance,,,
637,"Digital, Data, and Technology",Health,Data Collection,Data Managament and Policy,,VistA,vista,worldvista.org/AboutVistA,https://github.com/WorldVistA/VistA,WorldVistA,Digital Public Goods Alliance,,,
546,"Digital, Data, and Technology",Health,Platform Creation,,,VivoosVR,vivoosvr,www.vivoosvr.com/vivoosvr-en,https://github.com/Ideasis/VivoosVR,United Nations Children’s Fund (UNICEF); Ideasis / Turkey,Digital Public Goods Alliance,,,
110,"Digital, Data, and Technology",,Data Collection,,,Volttron,volttron,volttron.org,https://github.com/VOLTTRON/volttron,Pacific Northwest National Laboratory,Digital Public Goods Alliance,,,
47,State and Democracy (Good Governance),"Digital, Data, and Technology",Democracy and the rule of law,Platform Creation,,Vota Inteligente,vota_inteligente,github.com/ciudadanointeligente/votainteligente-portal-electoral,https://github.com/ciudadanointeligente/votainteligente-portal-electoral,Ciudadanía Inteligente,Digital Public Goods Alliance,,,
166,State and Democracy (Good Governance),"Digital, Data, and Technology",Democracy and the rule of law,Platform Creation,,WeVote Server,wevote_server,api.wevoteusa.org,https://github.com/wevote/WeVoteServer,WeVote,Digital Public Goods Alliance,,,
33,Social Development and Education,"Digital, Data, and Technology",E-learning,Platform Creation,,wikiHow,wikihow,www.wikihow.com,,wikiHow,Digital Public Goods Alliance,,,
34,Social Development and Education,"Digital, Data, and Technology",E-learning,Platform Creation,,Wikipedia,wikipedia,www.wikipedia.org,,Wikimedia Foundation,Digital Public Goods Alliance,,,
235,Social Development and Education,"Digital, Data, and Technology",E-learning,Platform Creation,,Wildbook,wildbook,www.wildbook.org/doku.php,https://github.com/WildbookOrg/Wildbook,Wildme,Digital Public Goods Alliance,,,
35,"Digital, Data, and Technology",,Platform Creation,,,WordPress,wordpress,wordpress.org,github.com/WordPress/WordPress,,,,,
413,"Digital, Data, and Technology",Health,Platform Creation,Data Managament and Policy,Infectious Diseases,World Health Organization App,world_health_organization_app,worldhealthorganization.github.io/app,https://github.com/WorldHealthOrganization/app,World Health Organization,Digital Public Goods Alliance,,,
422,"Digital, Data, and Technology",,Platform Creation,,,X-Road,xroad,x-road.global,https://github.com/nordic-institute/X-Road,Nordic Institute for Interoperability Solutions (NIIS); Nordic Institute for Interoperability Solutions,Digital Public Goods Alliance,,,
155,Social Development and Education,"Digital, Data, and Technology",E-learning,Platform Creation,,Yuudee,yuudee,www.daokoudai.com,backend：https://github.com/xiaoyudi-China/yuudee,United Nations Children’s Fund (UNICEF),Digital Public Goods Alliance,,,
638,"Digital, Data, and Technology",Health,Platform Creation,Data Managament and Policy,,ZEPRS,zeprs,www.medfloss.org/node/592,https://github.com/chrisekelley/zeprs,RTI International,Digital Public Goods Alliance,,,
